user_id	username	email	password	avatar	roles	date_created
1	admin	admin@example.org	$2y$13$Zms2BsuZeRfdPU7Gnni1pOEK70QkbG8SiwEYSjMqkz0SvdivaI8u2		"[""ROLE_ADMIN""]"	"2016/10/25 12:10:15"
41	alain31	alain31@example.net	$2y$13$08GntDmJgZtTTq1XnzkG1OXRG1OBeSkZdEY4VPKHyPs09.XKg4C2.		"[""ROLE_USER""]"	"2016/06/09 19:46:06"
10	allain.edouard	allain.edouard@example.org	$2y$13$QVLHUm3zbFhN31v5e/MmCOnT5/gEnlZCJFbreG2dR2jGuv7gTsLta		"[""ROLE_USER""]"	"2016/03/02 23:13:37"
18	amelie61	amelie61@example.net	$2y$13$gaTqwbEA0kRdtcf.sQuUgeZj1BV1BFGUoOyIuQDm8o2bZ3Nc78192		"[""ROLE_USER""]"	"2016/07/09 00:42:07"
5	baudry.alain	baudry.alain@example.com	$2y$13$TrPJ5TAyc6thlJEVwtsteuMMAWoR1y3kfEp/O4FgQKZUUud5V9XES		"[""ROLE_USER""]"	"2016/10/10 18:19:31"
28	bouchet.agathe	bouchet.agathe@example.com	$2y$13$Lm6Ig/KBuHp4PJnhndE8hux9mPdC3bwxuB7Zs1KJIjDEYSrdX1gKy		"[""ROLE_USER""]"	"2015/12/04 03:52:42"
33	brunel.emilie	brunel.emilie@example.com	$2y$13$AWjgkWlSTYY6R0XXPNNn8OpAPQR8uIyz7pviQYLTfk386yPJcPZG2		"[""ROLE_USER""]"	"2016/04/07 19:21:09"
36	buisson.chantal	buisson.chantal@example.org	$2y$13$CiZXEWu0UqnA6BjRTPgGvOQGsrEIW5Wslfca4wtUET283DdWMcjgi		"[""ROLE_USER""]"	"2016/01/31 00:52:56"
4	capucine.weiss	capucine.weiss@example.com	$2y$13$DBJUbZYutsZasxwMCOhhTOrRNa0cURk.1Ett.dGXtKFzOMCWHqp5a		"[""ROLE_USER""]"	"2016/01/04 01:27:10"
2	carpentier.luc	carpentier.luc@example.net	$2y$13$UQ8ouFQR918mAR/LC4HYXeIrxP12mOxpTSz.BrPYv2oYmhCWB5epC		"[""ROLE_USER""]"	"2016/05/01 22:07:36"
30	cjean	cjean@example.net	$2y$13$qBvaZdivcEqocp6owVL6m.85kTKret6NSh7MjGGyEBr4aEwDBDmdi		"[""ROLE_USER""]"	"2016/07/07 15:12:19"
42	claude.ollivier	claude.ollivier@example.org	$2y$13$XGbaldS1/s35tMH7sxEf8OvHEHqQffhpOgiixusv97VcjgrAzDy4e		"[""ROLE_USER""]"	"2016/05/16 07:23:37"
44	courtois.francois	courtois.francois@example.com	$2y$13$JF5B1.J/W0zNoOBFPAQHa.3yCNcwZaD5zp7kdZNvTk0Co609MTqJ2		"[""ROLE_USER""]"	"2015/11/19 10:34:16"
27	diane.guyot	diane.guyot@example.net	$2y$13$Q0EVqspeGfnzwoctgfDggenYjpVFdLjDoHcWPOSwwjPIQBrCwVRYS		"[""ROLE_USER""]"	"2016/02/18 20:41:34"
49	dupre.julie	dupre.julie@example.net	$2y$13$LbjNas5hmslnlytFhZlLcOKVg9HVkbGqO2E2bxVtqSZeNCjCp66je		"[""ROLE_USER""]"	"2016/01/28 19:27:11"
25	edouard.mallet	edouard.mallet@example.net	$2y$13$sQCcRPE22UDF4V4AUcPXyuneuWAslDACRjcq3s7tkUytqcVhI6lsu		"[""ROLE_USER""]"	"2016/08/27 03:49:11"
47	eleonore.rocher	eleonore.rocher@example.com	$2y$13$ZKPgVVm9d8057x817zQiAe1I/ByxwxZohq4TpzQ/nM4JviSSwrTl.		"[""ROLE_USER""]"	"2016/09/01 18:35:14"
31	elodie.dupuis	elodie.dupuis@example.com	$2y$13$FolVfj0Ud58Le.iTeiDim.3UP4KjMDoOd0fzduOsEW5O5q1unFq3G		"[""ROLE_USER""]"	"2016/02/01 14:53:53"
24	francoise.diallo	francoise.diallo@example.net	$2y$13$x2HwR1awyC9wlGAxXqJGlOqDzS5Fx1r1jCeIDwZabiF/xJx1ZqaeK		"[""ROLE_USER""]"	"2015/12/10 23:17:25"
8	gaudin.julien	gaudin.julien@example.org	$2y$13$ebCjXnDSsioBzyrx6KjYHeKIn6PjEcDW0p/d4tJa.9YfmnQdU3MQG		"[""ROLE_USER""]"	"2016/10/12 21:15:42"
35	grondin.georges	grondin.georges@example.net	$2y$13$vntZut.VsyvZxmJvGW4..uu9xhfBXx0ryzzFNVagutl8WZmez4w.K		"[""ROLE_USER""]"	"2016/04/06 14:33:00"
43	hoareau.guillaume	hoareau.guillaume@example.org	$2y$13$qMGI3W4QqZN5ZzXk9b0feemcVEx04fyOuGqS0BzMnsev1fhhLjxtO		"[""ROLE_USER""]"	"2016/06/19 03:52:35"
23	hortense45	hortense45@example.com	$2y$13$2gZXBJ6zajRiWFDS.H3bfOqpc7mUOP/KmEdcbUrPWFOAsoeG0V9ka		"[""ROLE_USER""]"	"2016/07/07 18:59:22"
46	ines83	ines83@example.net	$2y$13$p6nAsm4nXrFCERYZwrGgyee9UGTqaYBKcQHcrZ.1xpNItps7jgdzy		"[""ROLE_USER""]"	"2016/01/25 10:22:59"
32	jacques.gilles	jacques.gilles@example.org	$2y$13$uqKkeWIyfwpEszRZesM.R.v1Z/VGvijnJD9tE6uSfBZnguifhvRqm		"[""ROLE_USER""]"	"2016/03/27 16:24:13"
38	jramos	jramos@example.org	$2y$13$6oFAy4M6E2JiFkRa/fD3F.BxhB73Jip5A5eVUwH7fiWacva8VdvsW		"[""ROLE_USER""]"	"2016/08/27 06:00:32"
19	laurence04	laurence04@example.org	$2y$13$fqDYhJ3JojmSvVeo.AHg4.w9g3twm5UhtutPf44sVWe6ScTHbytFC		"[""ROLE_USER""]"	"2016/03/28 03:53:35"
20	lopez.frederic	lopez.frederic@example.net	$2y$13$AzChpmQv03wwylCtRfPaL.3WP..nFxlj4cerGgXC2f8fEqwbLkPz2		"[""ROLE_USER""]"	"2016/07/08 19:04:23"
37	louise48	louise48@example.net	$2y$13$a86jnJBCjFGPIbSRkq20A.cO2tK91ZMxiK/l5ltPQXf5pyEv5le2O		"[""ROLE_USER""]"	"2016/02/27 17:24:35"
40	lucie20	lucie20@example.com	$2y$13$VFvG7zrIv0u09jk54GqWA.2uFywDTEGFxHiqy90J/EmwrjKHi.2de		"[""ROLE_USER""]"	"2016/08/02 22:21:59"
9	lucie59	lucie59@example.com	$2y$13$9BL5utQzEBxHspHZNE2N/uoUaJhCuOjzu42tnWyNsD68GB3xki5Fe		"[""ROLE_USER""]"	"2016/09/15 07:55:34"
15	lucie74	lucie74@example.net	$2y$13$oXNA3lvlsidRuiVRf3P2.uo8RRN6r4DPRfqtCgLcvOvo0Rt7KPGfe		"[""ROLE_USER""]"	"2016/08/24 15:00:14"
29	marc.gaudin	marc.gaudin@example.com	$2y$13$osRFAWBD8EkgLRl9naIYbeiCrxlko7ufKWciXEqP84A92/C.tjKAa		"[""ROLE_USER""]"	"2016/10/07 05:57:54"
7	marine.coste	marine.coste@example.net	$2y$13$hPU59L0/1/ORw0tSmTmuX.HWrnEq9TAjxKrqCnBGnr9C8CAGbIHQ.		"[""ROLE_USER""]"	"2016/06/20 22:35:44"
3	maryse.moulin	maryse.moulin@example.org	$2y$13$oxdaKfDx.HFuvRGlYK32MeJsgWeAbz5MN6e3h.bXs380fTDT../sm		"[""ROLE_USER""]"	"2015/12/22 17:23:47"
6	olivier.bernadette	olivier.bernadette@example.net	$2y$13$SdBmGnIQZ6gZ0fynCHUUse06Ckvr0iEDRkvMxbJP9SgqeL4Yo6Hrm		"[""ROLE_USER""]"	"2016/08/29 03:46:12"
51	olivier.picard	olivier.picard@example.net	$2y$13$PzwZY5hi.0XovAWvFidFruCjqWSBfH6EGz3udD01zVEgtxIM4Kns.		"[""ROLE_USER""]"	"2015/12/11 03:21:09"
39	philippe83	philippe83@example.com	$2y$13$AFqXknJE7AN3YpI43jkSiuNeTE8/OQctr.SqtI9R60fNVoI7QHNFO		"[""ROLE_USER""]"	"2016/09/06 22:06:15"
26	pierre.schneider	pierre.schneider@example.com	$2y$13$xEzPCf6FElJhAm/zU6CFred2hLuDvUgjOL3YXKj/ot/nF3ncdpxrS		"[""ROLE_USER""]"	"2015/10/27 16:11:56"
14	roux.sylvie	roux.sylvie@example.org	$2y$13$1jFripiaJX1tNFfqNFeWMe8yp6YFFvd4stqCjxlS/CzaOFWoww...		"[""ROLE_USER""]"	"2016/09/13 11:43:08"
22	stephane73	stephane73@example.org	$2y$13$SqDs0orFUjpwg5t7IsoVEOBpPDFr2GCKxzD4y135ovf2HBAqO9RHK		"[""ROLE_USER""]"	"2016/01/31 22:17:55"
12	sylvie.lucas	sylvie.lucas@example.org	$2y$13$2kbaS/JNf.Jlz5CqWjX6deQcDFhVcxPjB6bRvz9sep5NJD7x87lLC		"[""ROLE_USER""]"	"2015/11/05 08:32:16"
17	tessier.alfred	tessier.alfred@example.net	$2y$13$zOeIuhLHjW9Mv1CW45Rygu8rkUgpPYjF92DJ8QdMNsF9KGiRU81ie		"[""ROLE_USER""]"	"2016/02/14 11:14:39"
48	valentin.eugene	valentin.eugene@example.net	$2y$13$QOTB1dVN2VxxKU8AYs6i/ecS0xf5CqX.SL/OTU6tasfHqO7xccm9u		"[""ROLE_USER""]"	"2016/03/10 06:53:35"
50	vasseur.guy	vasseur.guy@example.net	$2y$13$Zk2H/if2N/1g3GHAngtBIugil9QFnoL3i/RdnN/EZcCT4RwLxiwaO		"[""ROLE_USER""]"	"2015/12/18 09:37:03"
34	veronique.guillot	veronique.guillot@example.net	$2y$13$hdr0MjwdsP2j3mmuE.TdmewDo7cB.Ke3Km8Xn9P7BzazViFr/cI0.		"[""ROLE_USER""]"	"2016/06/15 01:03:48"
16	weber.aurore	weber.aurore@example.org	$2y$13$c4cZncg9vdgf9cPZMQKWruhZ6Cds33R/BsuNlJBo/RzseL0pDrOh2		"[""ROLE_USER""]"	"2016/08/05 01:02:48"
45	ybernier	ybernier@example.net	$2y$13$acROoMik4Wh00z3LuddLgu/wjbJQbpzV3kg.yLOsZP8T15TUoZSc6		"[""ROLE_USER""]"	"2016/03/18 22:38:14"
21	ygoncalves	ygoncalves@example.com	$2y$13$zGrQjdtLtLHaF1HOK0J5jOcL7Je3tsq4arh7Vd68WM55Wdsm5Gu8O		"[""ROLE_USER""]"	"2016/02/18 14:45:26"
11	yhoareau	yhoareau@example.org	$2y$13$DashFTipfHVbZiFPjprpfuTyAuz.m/FDwbTMEdX7ju6OGsUiPJkAu		"[""ROLE_USER""]"	"2016/09/04 10:24:05"
13	zarnaud	zarnaud@example.com	$2y$13$ydBhYu2nYg2Ew41ef3jUyOyuPnsPykflSmxt90c4bUHfHUdGilPZi		"[""ROLE_USER""]"	"2015/12/07 22:32:04"
